{
    "slide1Heading": "毎週のスペシャルプロモーション",
    "slide2Heading": "新しいお店の為のオープニングキット",
    "slide3Heading": "あなたの会社の名刺を作りましょう。",
    "slide1Subtitle": "今週のスペシャルは何でしょう？",
    "slide2Subtitle": "新しいお店のオープニングに必要なものが全てここに。",
    "slide3Subtitle": "イメージは大切です！あなたの企業ブランドを宣伝しましょう！",
    "slide1ButtonText": "注文する",
    "slide2ButtonText": "キットを作成する",
    "slide3ButtonText": "購入する",
    "footerHeader1": "POC フランチャイズ情報",
    "footerCol1Row1": "私たちに関しては",
    "footerCol1Row2": "場所",
    "footerCol1Row3": "キャリア",
    "footerHeader2": "どのように我々は助けることができます？",
    "footerCol2Row1": "カート",
    "footerCol2Row2": "ご注文",
    "footerCol2Row3": "ご注文に関する問題",
    "footerCol3Row1": "それは朝飯前だ！",
    "footerCol3Row2": "これはeコマースストアのデモです",
    "footerCol3Row3": "搭載"
}
