{   "aboutusTitle": "información de la empresa",
    "aboutusHeader1": "Sobre nosotros",
    "aboutusHeader2": "Localizaciones",
    "aboutusHeader3": "Carreras",
    "aboutusText1":"texto que se agregará aquí",
    "aboutusText2":"texto que se agregará aquí",
    "aboutusText3":"texto que se agregará aquí",
    "footerHeader1": "información de la empresa",
    "footerCol1Row1": "Sobre nosotros",
    "footerCol1Row2": "Localizaciones",
    "footerCol1Row3": "Carreras",
    "footerHeader2": "�C�mo podemos ayudar?",
    "footerCol2Row1": "Su carro",
    "footerCol2Row2": "Tus ordenes",
    "footerCol2Row3": "Problemas con tus pedidos",
    "footerCol3Row1": "nombre de empresa",
    "footerCol3Row2": "Dirección de la empresa",
    "footerCol3Row3": "contacto de la empresa"
}
