{
	"slide1Heading": "WEEKLY SPECIALS PROMOTION",
	"slide2Heading": "NEW STORE OPENING KIT",
	"slide3Heading": "GET YOUR CORPORATE BUSINESS CARDS",
	"slide1Subtitle": "What's on special this week?",
	"slide2Subtitle": "Everything you need for a new store opening...",
	"slide3Subtitle": "Image is important! Promote your corporate brand!",
	"slide1ButtonText": "ORDER NOW!",
	"slide2ButtonText": "CREATE A KIT",
	"slide3ButtonText": "SHOP NOW!",
	"footerHeader1": "POC Franchisee information",
	"footerCol1Row1": "About us",
	"footerCol1Row2": "Locations",
	"footerCol1Row3": "Careers",
	"footerHeader2": "How can we help?",
	"footerCol2Row1": "Your cart",
	"footerCol2Row2": "Your orders",
	"footerCol2Row3": "Problems with your orders",
	"footerCol3Row1": "It's a Piece of Cake!",
	"footerCol3Row2": "This is an e-commerce store demonstration",
	"footerCol3Row3": "powered by XMPie PersonalEffect StoreFlow"
}
