{
    "aboutusTitle": "Informações da Empresa",
    "aboutusHeader1": "Sobre nós",
    "aboutusHeader2": "Localizações",
    "aboutusHeader3": "Carreiras",
    "aboutusText1":"texto a ser adicionado aqui",
    "aboutusText2":"texto a ser adicionado aqui",
    "aboutusText3":"texto a ser adicionado aqui",
    "footerHeader1": "Informações da Empresa",
    "footerCol1Row1": "Sobre nós",
    "footerCol1Row2": "Localizações",
    "footerCol1Row3": "Carreiras",
    "footerHeader2": "Como podemos ajudar?",
    "footerCol2Row1": "Seu carrinho",
    "footerCol2Row2": "Seus pedidos",
    "footerCol2Row3": "Problemas com seus pedidos",
    "footerCol3Row1": "Nome da empresa",
    "footerCol3Row2": "Endereço da companhia",
    "footerCol3Row3": "Contato da empresa",
    "footerCopyright": "Copyright © (year) Company. Todos os direitos reservados."
}
