{
    "slide1Heading": "PROMOCIONES ESPECIALES DE LA SEMANA",
    "slide2Heading": "NUEVO KIT DE APERTURA DE TIENDA",
    "slide3Heading": "CONSIGA SUS TARJETAS DE PRESENTACIÓN CORPORATIVAS",
    "slide1Subtitle": "¿Qué hay especial esta semana?",
    "slide2Subtitle": "Todo lo que necesitas para abrir una nueva tienda ...",
    "slide3Subtitle": "¡La imagen es importante! ¡Promocione su marca corporativa!",
    "slide1ButtonText": "¡ORDENE AHORA!",
    "slide2ButtonText": "CREA UN KIT",
    "slide3ButtonText": "¡COMPRA AHORA!",
    "footerHeader1": "POC Información de franquicia",
    "footerCol1Row1": "Sobre nosotros",
    "footerCol1Row2": "Localizaciones",
    "footerCol1Row3": "Carreras",
    "footerHeader2": "¿Cómo podemos ayudar?",
    "footerCol2Row1": "Su carro",
    "footerCol2Row2": "Tus ordenes",
    "footerCol2Row3": "Problemas con tus pedidos",
    "footerCol3Row1": "¡Es un trozo de tarta!",
    "footerCol3Row2": "Esta es una demostración de tienda de comercio electrónico",
    "footerCol3Row3": "Desarrollado por"
}
