{
    "slide1Heading": "WÖCHENTLICHE SONDERANGEBOTE",
    "slide2Heading": "NEUER SHOP ERÖFFNUNGS- KIT",
    "slide3Heading": "ERHALTEN SIE IHRE UNTERNEHMENSVISITENKARTEN",
    "slide1Subtitle": "Was ist diese Woche im Angebot?",
    "slide2Subtitle": "Alles was Sie für eine Neueröffnung brauchen...",
    "slide3Subtitle": "Bild ist wichtig! Bewerben Sie Ihre Unternehmensmarke!",
    "slide1ButtonText": "JETZT BESTELLEN!",
    "slide2ButtonText": "ERSTELLEN SIE EIN KIT",
    "slide3ButtonText": "JETZT EINKAUFEN!",
    "footerHeader1": "POC Franchise-Informationen",
    "footerCol1Row1": "Über uns",
    "footerCol1Row2": "Standorte",
    "footerCol1Row3": "Karriere",
    "footerHeader2": "Wie können wir helfen?",
    "footerCol2Row1": "Ihr Warenkorb",
    "footerCol2Row2": "Deine Bestellungen",
    "footerCol2Row3": "Probleme mit Ihren Bestellungen",
    "footerCol3Row1": "Es ist ein Stück Kuchen!",
    "footerCol3Row2": "Dies ist eine E-Commerce-Store-Demonstration",
    "footerCol3Row3": "unterstützt von"
}
