{
    "slide1Heading": "PROMOTION SPÉCIALE HEBDOMADAIRE",
    "slide2Heading": "NOUVEAU KIT D'OUVERTURE DE MAGASIN",
    "slide3Heading": "OBTENEZ VOS CARTES DE VISITE PROFESSIONNELLES",
    "slide1Subtitle": "Qu’y a-t-il de spécial cette semaine ?",
    "slide2Subtitle": "Tout ce dont vous avez besoin pour ouvrir un nouveau magasin...",
    "slide3Subtitle": "L'image est importante! Faites la promotion de votre marque d'entreprise!",
    "slide1ButtonText": "COMMANDEZ MAINTENANT!",
    "slide2ButtonText": "CRÉER UN KIT",
    "slide3ButtonText": "ACHETEZ MAINTENANT!",
    "footerHeader1": "POC Informations sur la franchise",
    "footerCol1Row1": "À propos de nous",
    "footerCol1Row2": "Emplacements",
    "footerCol1Row3": "Carrières",
    "footerHeader2": "Comment pouvons nous aider?",
    "footerCol2Row1": "Votre panier",
    "footerCol2Row2": "Vos commandes",
    "footerCol2Row3": "Des problèmes avec vos commandes",
    "footerCol3Row1": "C'est un morceau de gâteau!",
    "footerCol3Row2": "Ceci est une démonstration de boutique en ligne",
    "footerCol3Row3": "Alimenté par"
}
