{
    "aboutusTitle": "Firmeninformation",
    "aboutusHeader1": "Über uns",
    "aboutusHeader2": "Standorte",
    "aboutusHeader3": "Karriere",
    "aboutusText1":"Text, der hier hinzugefügt werden soll",
    "aboutusText2":"Text, der hier hinzugefügt werden soll",
    "aboutusText3":"Text, der hier hinzugefügt werden soll",
    "footerHeader1": "Firmeninformation",
    "footerCol1Row1": "Über uns",
    "footerCol1Row2": "Standorte",
    "footerCol1Row3": "Karriere",
    "footerHeader2": "Wie können wir helfen?",
    "footerCol2Row1": "Ihr Warenkorb",
    "footerCol2Row2": "Deine Bestellungen",
    "footerCol2Row3": "Probleme mit Ihren Bestellungen",
    "footerCol3Row1": "Name der Firma",
    "footerCol3Row2": "Firmenanschrift",
    "footerCol3Row3": "Firmenkontakt",
    "footerCopyright": "Copyright © (year) Unternehmen. Alle Rechte vorbehalten."
}
