{
    "slide1Heading": "WEKELIJKSE SPECIALE PROMOTIE",
    "slide2Heading": "NIEUWE WINKEL OPENINGSKIT",
    "slide3Heading": "KRIJG UW CORPORATE VISITEKAARTJES",
    "slide1Subtitle": "Wat is er speciaal deze week?",
    "slide2Subtitle": "Alles wat u nodig heeft voor een nieuwe winkelopening ...",
    "slide3Subtitle": "Imago is belangrijk! Promoot uw bedrijfsmerk!",
    "slide1ButtonText": "NU BESTELLEN!",
    "slide2ButtonText": "MAAK EEN KIT",
    "slide3ButtonText": "NU WINKELEN",
    "footerHeader1": "POC Franchise-informatie",
    "footerCol1Row1": "Over ons",
    "footerCol1Row2": "Locaties",
    "footerCol1Row3": "Carrière",
    "footerHeader2": "Hoe kunnen we helpen?",
    "footerCol2Row1": "Jouw winkelwagen",
    "footerCol2Row2": "Uw bevelen",
    "footerCol2Row3": "Problemen met uw bestellingen",
    "footerCol3Row1": "Het is een eitje!",
    "footerCol3Row2": "Dit is een demonstratie van een e-commerce winkel",
    "footerCol3Row3": "aangedreven door"
}
