{
    "aboutusTitle": "bedrijfsinformatie",
    "aboutusHeader1": "Over ons",
    "aboutusHeader2": "Locaties",
    "aboutusHeader3": "Carrières",
    "aboutusText1":"tekst die hier moet worden toegevoegd",
    "aboutusText2":"tekst die hier moet worden toegevoegd",
    "aboutusText3":"tekst die hier moet worden toegevoegd",
    "footerHeader1": "bedrijfsinformatie",
    "footerCol1Row1": "Over ons",
    "footerCol1Row2": "Locaties",
    "footerCol1Row3": "Carrières",
    "footerHeader2": "Hoe kunnen we helpen?",
    "footerCol2Row1": "Jouw winkelwagen",
    "footerCol2Row2": "Uw bevelen",
    "footerCol2Row3": "Problemen met uw bestellingen",
    "footerCol3Row1": "Bedrijfsnaam",
    "footerCol3Row2": "bedrijfsadres",
    "footerCol3Row3": "bedrijfscontact",
    "footerCopyright": "Copyright © (year) Bedrijf. Alle rechten voorbehouden."
}
