{
    "slide1Heading": "PROMOÇÕES SEMANAIS",
    "slide2Heading": "NOVO KIT DE ABERTURA DA LOJA",
    "slide3Heading": "OBTENHA SEUS CARTÕES DE VISITA CORPORATIVOS",
    "slide1Subtitle": "O que há de especial nesta semana?",
    "slide2Subtitle": "Tudo o que você precisa para abrir uma nova loja ...",
    "slide3Subtitle": "A imagem é importante! Promova sua marca corporativa!",
    "slide1ButtonText": "PEÇA AGORA!",
    "slide2ButtonText": "CRIAR UM KIT",
    "slide3ButtonText": "COMPRE AGORA!",
    "footerHeader1": "POC Informações sobre franquia",
    "footerCol1Row1": "Sobre nós",
    "footerCol1Row2": "Localizações",
    "footerCol1Row3": "Carreiras",
    "footerHeader2": "Como podemos ajudar?",
    "footerCol2Row1": "Seu carrinho",
    "footerCol2Row2": "Seus pedidos",
    "footerCol2Row3": "Problemas com seus pedidos",
    "footerCol3Row1": "É moleza!",
    "footerCol3Row2": "Esta é uma demonstração da loja de comércio eletrônico",
    "footerCol3Row3": "distribuído por"
}
