{
    "aboutusTitle": "Company Information",
    "aboutusHeader1": "About Us",
    "aboutusHeader2": "Locations",
    "aboutusHeader3": "Careers",
    "aboutusText1":"Custom text to be added here",
    "aboutusText2":"Custom text to be added here",
    "aboutusText3":"Custom text to be added here",
    "footerHeader1": "Company information",
    "footerCol1Row1": "About us",
    "footerCol1Row2": "Locations",
    "footerCol1Row3": "Careers",
    "footerHeader2": "How can we help?",
    "footerCol2Row1": "Your cart",
    "footerCol2Row2": "Your orders",
    "footerCol2Row3": "Problems with your orders",
    "footerCol3Row1": "Company Name",
    "footerCol3Row2": "Company Address",
    "footerCol3Row3": "Company Contact",
    "footerCopyright": "Copyright © (year) Company. All rights reserved."
}
